[ec2-user@ip-10-1-11-180 ~]$ mysql -h primary-1.cizku9dqbvv3.us-east-1.rds.amazonaws.com -P 3306 -u admin -p                                                                      
Enter password:                                                                                                                                                                   
Welcome to the MariaDB monitor.  Commands end with ; or \g.                                                                                                                       
Your MySQL connection id is 44                                                                                                                                                    
Server version: 8.0.35 Source distribution                                                                                                                                        
                                                                                                                                                                                  
Copyright (c) 2000, 2018, Oracle, MariaDB Corporation Ab and others.                                                                                                              
                                                                                                                                                                                  
Type 'help;' or '\h' for help. Type '\c' to clear the current input statement.                                                                                                    
                                                                                                                                                                                  
MySQL [(none)]> show databases;                                                                                                                                                   
+--------------------+                                                                                                                                                            
| Database           |                                                                                                                                                            
+--------------------+                                                                                                                                                            
| information_schema |                                                                                                                                                            
| mysql              |                                                                                                                                                            
| performance_schema |                                                                                                                                                            
| sys                |                                                                                                                                                            
| udacity            |                                                                                                                                                            
+--------------------+                                                                                                                                                            
5 rows in set (0.003 sec)                                                                                                                                                         
                                                                                                                                                                                  
MySQL [(none)]> select udacity;                                                                                                                                                   
ERROR 1054 (42S22): Unknown column 'udacity' in 'field list'                                                                                                                      
MySQL [(none)]> use udacity;                                                                                                                                                      
Database changed                                                                                                                                                                  
MySQL [udacity]> show tables;                                                                                                                                                     
Empty set (0.002 sec)                                                                                                                                                             
                                                                                                                                                                                  
MySQL [udacity]> CREATE table users ( name varchar(255) );                                                                                                                        
Query OK, 0 rows affected (0.043 sec)

[ec2-user@ip-10-1-11-180 ~]$ mysql -h primary-1.cizku9dqbvv3.us-east-1.rds.amazonaws.com -P 3306 -u admin -p                                                                      
Enter password:                                                                                                                                                                   
Welcome to the MariaDB monitor.  Commands end with ; or \g.                                                                                                                       
Your MySQL connection id is 46                                                                                                                                                    
Server version: 8.0.35 Source distribution                                                                                                                                        
                                                                                                                                                                                  
Copyright (c) 2000, 2018, Oracle, MariaDB Corporation Ab and others.                                                                                                              
                                                                                                                                                                                  
Type 'help;' or '\h' for help. Type '\c' to clear the current input statement.                                                                                                    
                                                                                                                                                                                  
MySQL [(none)]> use udacity;                                                                                                                                                      
Reading table information for completion of table and column names                                                                                                                
You can turn off this feature to get a quicker startup with -A                                                                                                                    
                                                                                                                                                                                  
Database changed                                                                                                                                                                  
MySQL [udacity]> show tables;                                                                                                                                                     
+-------------------+                                                                                                                                                             
| Tables_in_udacity |                                                                                                                                                             
+-------------------+                                                                                                                                                             
| users             |                                                                                                                                                             
+-------------------+                                                                                                                                                             
1 row in set (0.002 sec)                                                                                                                                                          
                                                                                                                                                                                  
MySQL [udacity]> insert into users(name) values('tai')                                                                                                                            
    -> ;                                                                                                                                                                          
Query OK, 1 row affected (0.009 sec)                                                                                                                                              
                                                                                                                                                                                  
MySQL [udacity]> select * from users;                                                                                                                                             
+------+                                                                                                                                                                          
| name |                                                                                                                                                                          
+------+                                                                                                                                                                          
| tai  |                                                                                                                                                                          
+------+                                                                                                                                                                          
1 row in set (0.001 sec)                                                                                                                                                          
